{
    "total_runtime": 80.1875855922699,
    "num_documents": 1,
    "input_load_time": 0,
    "workflows": {
        "create_base_text_units": {
            "overall": 0.15026021003723145,
            "0_orderby": 0.0020029544830322266,
            "1_zip": 0.001999378204345703,
            "2_aggregate_override": 0.002000093460083008,
            "3_chunk": 0.12015867233276367,
            "4_select": 0.0019998550415039062,
            "5_unroll": 0.0030820369720458984,
            "6_rename": 0.002000093460083008,
            "7_genid": 0.0030007362365722656,
            "8_unzip": 0.0030012130737304688,
            "9_copy": 0.002504110336303711,
            "10_filter": 0.007002353668212891
        },
        "create_base_extracted_entities": {
            "overall": 47.263507604599,
            "0_entity_extract": 47.2334840297699,
            "1_snapshot": 0.005505800247192383,
            "2_merge_graphs": 0.01350855827331543,
            "3_snapshot_rows": 0.00750422477722168
        },
        "create_summarized_entities": {
            "overall": 2.9524857997894287,
            "0_summarize_descriptions": 2.944486379623413,
            "1_snapshot_rows": 0.003999948501586914
        },
        "create_base_entity_graph": {
            "overall": 0.6374890804290771,
            "0_cluster_graph": 0.03709053993225098,
            "1_snapshot_rows": 0.007038116455078125,
            "2_embed_graph": 0.5778570175170898,
            "3_snapshot_rows": 0.006999969482421875,
            "4_select": 0.004503726959228516
        },
        "create_final_entities": {
            "overall": 1.2692928314208984,
            "0_unpack_graph": 0.015510320663452148,
            "1_rename": 0.006505489349365234,
            "2_select": 0.006038665771484375,
            "3_dedupe": 0.006002187728881836,
            "4_rename": 0.005129575729370117,
            "5_filter": 0.01401662826538086,
            "6_text_split": 0.007135629653930664,
            "7_drop": 0.006000518798828125,
            "8_merge": 0.014008045196533203,
            "9_text_embed": 1.161257266998291,
            "10_drop": 0.006673097610473633,
            "11_filter": 0.016510963439941406
        },
        "create_final_nodes": {
            "overall": 0.1869971752166748,
            "0_layout_graph": 0.047040700912475586,
            "1_unpack_graph": 0.01850438117980957,
            "2_unpack_graph": 0.0197298526763916,
            "3_drop": 0.00800323486328125,
            "4_filter": 0.018008708953857422,
            "5_select": 0.007097482681274414,
            "6_snapshot": 0.008507490158081055,
            "7_rename": 0.008504390716552734,
            "8_convert": 0.025012731552124023,
            "9_join": 0.011030912399291992,
            "10_rename": 0.00905156135559082
        },
        "create_final_communities": {
            "overall": 0.22910189628601074,
            "0_unpack_graph": 0.018624544143676758,
            "1_unpack_graph": 0.02060675621032715,
            "2_aggregate_override": 0.010506629943847656,
            "3_join": 0.012271881103515625,
            "4_join": 0.01250767707824707,
            "5_concat": 0.009505987167358398,
            "6_filter": 0.03912353515625,
            "7_aggregate_override": 0.011507987976074219,
            "8_join": 0.01146245002746582,
            "9_filter": 0.032644033432006836,
            "10_fill": 0.009502410888671875,
            "11_merge": 0.01250767707824707,
            "12_copy": 0.00972747802734375,
            "13_select": 0.010095834732055664
        },
        "join_text_units_to_entity_ids": {
            "overall": 0.04367399215698242,
            "0_select": 0.011069536209106445,
            "1_unroll": 0.011008739471435547,
            "2_aggregate_override": 0.011088848114013672
        },
        "create_final_relationships": {
            "overall": 0.15897727012634277,
            "0_unpack_graph": 0.022512435913085938,
            "1_filter": 0.02505636215209961,
            "2_rename": 0.011508703231811523,
            "3_filter": 0.025612354278564453,
            "4_drop": 0.012373208999633789,
            "5_compute_edge_combined_degree": 0.01479959487915039,
            "6_convert": 0.024052143096923828,
            "7_convert": 0.012054681777954102
        },
        "join_text_units_to_relationship_ids": {
            "overall": 0.06470847129821777,
            "0_select": 0.012008428573608398,
            "1_unroll": 0.014013290405273438,
            "2_aggregate_override": 0.013170957565307617,
            "3_select": 0.013008356094360352
        },
        "create_final_community_reports": {
            "overall": 24.839985370635986,
            "0_prepare_community_reports_nodes": 0.015612602233886719,
            "1_prepare_community_reports_edges": 0.013505220413208008,
            "2_restore_community_hierarchy": 0.015667438507080078,
            "3_prepare_community_reports": 0.07805609703063965,
            "4_create_community_reports": 24.689922094345093,
            "5_window": 0.01400446891784668
        },
        "create_final_text_units": {
            "overall": 0.10425496101379395,
            "0_select": 0.015001535415649414,
            "1_rename": 0.014000654220581055,
            "2_join": 0.016253232955932617,
            "3_join": 0.015999555587768555,
            "4_aggregate_override": 0.016000032424926758,
            "5_select": 0.014000415802001953
        },
        "create_base_documents": {
            "overall": 0.15673398971557617,
            "0_unroll": 0.016144990921020508,
            "1_select": 0.016000032424926758,
            "2_rename": 0.015001535415649414,
            "3_join": 0.01707148551940918,
            "4_aggregate_override": 0.015999555587768555,
            "5_join": 0.018002986907958984,
            "6_rename": 0.014506340026855469,
            "7_convert": 0.03050398826599121
        },
        "create_final_documents": {
            "overall": 0.03095555305480957,
            "0_rename": 0.015963315963745117
        }
    }
}