{
    "total_runtime": 74.30676746368408,
    "num_documents": 1,
    "input_load_time": 0,
    "workflows": {
        "create_base_text_units": {
            "overall": 0.1392202377319336,
            "0_orderby": 0.0010001659393310547,
            "1_zip": 0.002000093460083008,
            "2_aggregate_override": 0.0030019283294677734,
            "3_chunk": 0.1070547103881836,
            "4_select": 0.0019991397857666016,
            "5_unroll": 0.002999544143676758,
            "6_rename": 0.0025103092193603516,
            "7_genid": 0.0029990673065185547,
            "8_unzip": 0.0025072097778320312,
            "9_copy": 0.0029997825622558594,
            "10_filter": 0.007642030715942383
        },
        "create_base_extracted_entities": {
            "overall": 41.04875826835632,
            "0_entity_extract": 41.02925419807434,
            "1_snapshot": 0.004999876022338867,
            "2_merge_graphs": 0.008504390716552734,
            "3_snapshot_rows": 0.004000663757324219
        },
        "create_summarized_entities": {
            "overall": 2.6229612827301025,
            "0_summarize_descriptions": 2.6139609813690186,
            "1_snapshot_rows": 0.004999876022338867
        },
        "create_base_entity_graph": {
            "overall": 0.23389077186584473,
            "0_cluster_graph": 0.018819332122802734,
            "1_snapshot_rows": 0.005505084991455078,
            "2_embed_graph": 0.1939997673034668,
            "3_snapshot_rows": 0.0070648193359375,
            "4_select": 0.004502296447753906
        },
        "create_final_entities": {
            "overall": 1.2071242332458496,
            "0_unpack_graph": 0.009192943572998047,
            "1_rename": 0.005501747131347656,
            "2_select": 0.005003690719604492,
            "3_dedupe": 0.006049156188964844,
            "4_rename": 0.004999399185180664,
            "5_filter": 0.014012813568115234,
            "6_text_split": 0.0064127445220947266,
            "7_drop": 0.0055043697357177734,
            "8_merge": 0.011075019836425781,
            "9_text_embed": 1.1132285594940186,
            "10_drop": 0.006505727767944336,
            "11_filter": 0.01450657844543457
        },
        "create_final_nodes": {
            "overall": 0.14227986335754395,
            "0_layout_graph": 0.022518634796142578,
            "1_unpack_graph": 0.011503219604492188,
            "2_unpack_graph": 0.010507822036743164,
            "3_filter": 0.016515016555786133,
            "4_drop": 0.008005857467651367,
            "5_select": 0.0075054168701171875,
            "6_snapshot": 0.008507013320922852,
            "7_rename": 0.0075037479400634766,
            "8_join": 0.011196374893188477,
            "9_convert": 0.025012969970703125,
            "10_rename": 0.007503509521484375
        },
        "create_final_communities": {
            "overall": 0.19179248809814453,
            "0_unpack_graph": 0.013011693954467773,
            "1_unpack_graph": 0.012099027633666992,
            "2_aggregate_override": 0.012014627456665039,
            "3_join": 0.012013673782348633,
            "4_join": 0.012012481689453125,
            "5_concat": 0.009021520614624023,
            "6_filter": 0.024959325790405273,
            "7_aggregate_override": 0.011031389236450195,
            "8_join": 0.014507532119750977,
            "9_filter": 0.022057771682739258,
            "10_fill": 0.011082172393798828,
            "11_merge": 0.010506868362426758,
            "12_copy": 0.0095062255859375,
            "13_select": 0.010012626647949219
        },
        "join_text_units_to_entity_ids": {
            "overall": 0.04548144340515137,
            "0_select": 0.010912656784057617,
            "1_unroll": 0.012044191360473633,
            "2_aggregate_override": 0.012017488479614258
        },
        "create_final_relationships": {
            "overall": 0.15083622932434082,
            "0_unpack_graph": 0.01520228385925293,
            "1_filter": 0.026011943817138672,
            "2_rename": 0.011173009872436523,
            "3_filter": 0.02475595474243164,
            "4_drop": 0.011505842208862305,
            "5_compute_edge_combined_degree": 0.014509201049804688,
            "6_convert": 0.024662017822265625,
            "7_convert": 0.012505054473876953
        },
        "join_text_units_to_relationship_ids": {
            "overall": 0.06334686279296875,
            "0_select": 0.011778831481933594,
            "1_unroll": 0.01401662826538086,
            "2_aggregate_override": 0.012509584426879883,
            "3_select": 0.012505054473876953
        },
        "create_final_community_reports": {
            "overall": 26.31721782684326,
            "0_prepare_community_reports_nodes": 0.014325141906738281,
            "1_prepare_community_reports_edges": 0.014017343521118164,
            "2_restore_community_hierarchy": 0.015063285827636719,
            "3_prepare_community_reports": 0.04028201103210449,
            "4_create_community_reports": 26.20801281929016,
            "5_window": 0.014010429382324219
        },
        "create_final_text_units": {
            "overall": 0.10731816291809082,
            "0_select": 0.014596223831176758,
            "1_rename": 0.01351165771484375,
            "2_join": 0.017010927200317383,
            "3_join": 0.018526792526245117,
            "4_aggregate_override": 0.015015125274658203,
            "5_select": 0.014507055282592773
        },
        "create_base_documents": {
            "overall": 0.16150188446044922,
            "0_unroll": 0.015518665313720703,
            "1_select": 0.01551055908203125,
            "2_rename": 0.015014171600341797,
            "3_join": 0.017509937286376953,
            "4_aggregate_override": 0.01701498031616211,
            "5_join": 0.01852107048034668,
            "6_rename": 0.016015052795410156,
            "7_convert": 0.03188753128051758
        },
        "create_final_documents": {
            "overall": 0.04904937744140625,
            "0_rename": 0.033032894134521484
        }
    }
}