{
    "total_runtime": 11.193238496780396,
    "num_documents": 1,
    "input_load_time": 0,
    "workflows": {
        "create_base_text_units": {
            "overall": 0.1381990909576416,
            "0_orderby": 0.0019998550415039062,
            "1_zip": 0.0015025138854980469,
            "2_aggregate_override": 0.0030050277709960938,
            "3_chunk": 0.10549283027648926,
            "4_select": 0.002180337905883789,
            "5_unroll": 0.0030012130737304688,
            "6_rename": 0.0019989013671875,
            "7_genid": 0.00250244140625,
            "8_unzip": 0.0030028820037841797,
            "9_copy": 0.0030002593994140625,
            "10_filter": 0.008508443832397461
        },
        "create_base_extracted_entities": {
            "overall": 3.4279282093048096,
            "0_entity_extract": 3.4098150730133057,
            "1_snapshot": 0.004999637603759766,
            "2_merge_graphs": 0.00611424446105957,
            "3_snapshot_rows": 0.004000186920166016
        },
        "create_summarized_entities": {
            "overall": 0.01636505126953125,
            "0_summarize_descriptions": 0.008368730545043945,
            "1_snapshot_rows": 0.0039980411529541016
        },
        "create_base_entity_graph": {
            "overall": 0.060080766677856445,
            "0_cluster_graph": 0.012020587921142578,
            "1_snapshot_rows": 0.0059986114501953125,
            "2_embed_graph": 0.02905106544494629,
            "3_snapshot_rows": 0.005505561828613281,
            "4_select": 0.003999471664428711
        },
        "create_final_entities": {
            "overall": 0.9550430774688721,
            "0_unpack_graph": 0.006003141403198242,
            "1_rename": 0.005507707595825195,
            "2_select": 0.004999876022338867,
            "3_dedupe": 0.006508350372314453,
            "4_rename": 0.004999637603759766,
            "5_filter": 0.01481318473815918,
            "6_text_split": 0.005503416061401367,
            "7_drop": 0.006170511245727539,
            "8_merge": 0.0075075626373291016,
            "9_text_embed": 0.8662960529327393,
            "10_drop": 0.007209300994873047,
            "11_filter": 0.015019893646240234
        },
        "create_final_nodes": {
            "overall": 0.13620972633361816,
            "0_layout_graph": 0.011152505874633789,
            "1_unpack_graph": 0.008703947067260742,
            "2_unpack_graph": 0.007277488708496094,
            "3_drop": 0.007503032684326172,
            "4_filter": 0.016511201858520508,
            "5_select": 0.008507490158081055,
            "6_snapshot": 0.00850677490234375,
            "7_rename": 0.007510185241699219,
            "8_join": 0.011504411697387695,
            "9_convert": 0.03352212905883789,
            "10_rename": 0.00850534439086914
        },
        "create_final_communities": {
            "overall": 0.19263100624084473,
            "0_unpack_graph": 0.009504318237304688,
            "1_unpack_graph": 0.009504318237304688,
            "2_aggregate_override": 0.010507822036743164,
            "3_join": 0.012096405029296875,
            "4_join": 0.012506246566772461,
            "5_concat": 0.009998798370361328,
            "6_filter": 0.025163888931274414,
            "7_aggregate_override": 0.012017250061035156,
            "8_join": 0.01250600814819336,
            "9_filter": 0.0230104923248291,
            "10_fill": 0.010998010635375977,
            "11_merge": 0.011017799377441406,
            "12_copy": 0.015631675720214844,
            "13_select": 0.010053634643554688
        },
        "join_text_units_to_entity_ids": {
            "overall": 0.043529510498046875,
            "0_select": 0.011010408401489258,
            "1_unroll": 0.011508703231811523,
            "2_aggregate_override": 0.011505842208862305
        },
        "create_final_relationships": {
            "overall": 0.16301441192626953,
            "0_unpack_graph": 0.012118816375732422,
            "1_filter": 0.023676395416259766,
            "2_rename": 0.01207113265991211,
            "3_filter": 0.026024341583251953,
            "4_drop": 0.012238502502441406,
            "5_compute_edge_combined_degree": 0.029027938842773438,
            "6_convert": 0.025517940521240234,
            "7_convert": 0.012073755264282227
        },
        "join_text_units_to_relationship_ids": {
            "overall": 0.06518864631652832,
            "0_select": 0.012154340744018555,
            "1_unroll": 0.01350712776184082,
            "2_aggregate_override": 0.014007806777954102,
            "3_select": 0.013508081436157227
        },
        "create_final_community_reports": {
            "overall": 3.9891879558563232,
            "0_prepare_community_reports_nodes": 0.01450490951538086,
            "1_prepare_community_reports_edges": 0.0150146484375,
            "2_restore_community_hierarchy": 0.015044212341308594,
            "3_prepare_community_reports": 0.027522802352905273,
            "4_create_community_reports": 3.889533519744873,
            "5_window": 0.014505624771118164
        },
        "create_final_text_units": {
            "overall": 0.11130976676940918,
            "0_select": 0.014507293701171875,
            "1_rename": 0.0158841609954834,
            "2_join": 0.018008947372436523,
            "3_join": 0.018087148666381836,
            "4_aggregate_override": 0.015579938888549805,
            "5_select": 0.015137434005737305
        },
        "create_base_documents": {
            "overall": 0.16830897331237793,
            "0_unroll": 0.016632556915283203,
            "1_select": 0.01751875877380371,
            "2_rename": 0.016509294509887695,
            "3_join": 0.018010616302490234,
            "4_aggregate_override": 0.016768693923950195,
            "5_join": 0.01872396469116211,
            "6_rename": 0.016652822494506836,
            "7_convert": 0.03335928916931152
        },
        "create_final_documents": {
            "overall": 0.0325472354888916,
            "0_rename": 0.015990734100341797
        }
    }
}