{
    "total_runtime": 49.184871673583984,
    "num_documents": 1,
    "input_load_time": 0,
    "workflows": {
        "create_base_text_units": {
            "overall": 0.13451790809631348,
            "0_orderby": 0.0010039806365966797,
            "1_zip": 0.0019998550415039062,
            "2_aggregate_override": 0.0029997825622558594,
            "3_chunk": 0.10348153114318848,
            "4_select": 0.002003908157348633,
            "5_unroll": 0.003000020980834961,
            "6_rename": 0.0025098323822021484,
            "7_genid": 0.00250244140625,
            "8_unzip": 0.0030052661895751953,
            "9_copy": 0.0029985904693603516,
            "10_filter": 0.007508516311645508
        },
        "create_base_extracted_entities": {
            "overall": 38.204195737838745,
            "0_entity_extract": 38.18467402458191,
            "1_snapshot": 0.00550532341003418,
            "2_merge_graphs": 0.005999565124511719,
            "3_snapshot_rows": 0.0045053958892822266
        },
        "create_summarized_entities": {
            "overall": 2.301870107650757,
            "0_summarize_descriptions": 2.2928709983825684,
            "1_snapshot_rows": 0.004999399185180664
        },
        "create_base_entity_graph": {
            "overall": 0.0643467903137207,
            "0_cluster_graph": 0.010510444641113281,
            "1_snapshot_rows": 0.007502317428588867,
            "2_embed_graph": 0.03177189826965332,
            "3_snapshot_rows": 0.0060002803802490234,
            "4_select": 0.00450587272644043
        },
        "create_final_entities": {
            "overall": 0.6045351028442383,
            "0_unpack_graph": 0.006002187728881836,
            "1_rename": 0.0050280094146728516,
            "2_select": 0.00599980354309082,
            "3_dedupe": 0.005507230758666992,
            "4_rename": 0.004999399185180664,
            "5_filter": 0.01300668716430664,
            "6_text_split": 0.006002187728881836,
            "7_drop": 0.005541324615478516,
            "8_merge": 0.007999897003173828,
            "9_text_embed": 0.5197031497955322,
            "10_drop": 0.006054401397705078,
            "11_filter": 0.01418924331665039
        },
        "create_final_nodes": {
            "overall": 0.12761640548706055,
            "0_layout_graph": 0.011508941650390625,
            "1_unpack_graph": 0.008509635925292969,
            "2_unpack_graph": 0.00850677490234375,
            "3_filter": 0.015543460845947266,
            "4_drop": 0.008000850677490234,
            "5_select": 0.007503986358642578,
            "6_snapshot": 0.008011341094970703,
            "7_rename": 0.0075032711029052734,
            "8_convert": 0.025514602661132812,
            "9_join": 0.011508464813232422,
            "10_rename": 0.009505987167358398
        },
        "create_final_communities": {
            "overall": 0.17569708824157715,
            "0_unpack_graph": 0.009507179260253906,
            "1_unpack_graph": 0.010013818740844727,
            "2_aggregate_override": 0.010128021240234375,
            "3_join": 0.012073516845703125,
            "4_join": 0.011037826538085938,
            "5_concat": 0.009506940841674805,
            "6_filter": 0.021295547485351562,
            "7_aggregate_override": 0.010508060455322266,
            "8_join": 0.011508703231811523,
            "9_filter": 0.02208876609802246,
            "10_fill": 0.009008169174194336,
            "11_merge": 0.010505914688110352,
            "12_copy": 0.0095062255859375,
            "13_select": 0.010504961013793945
        },
        "join_text_units_to_entity_ids": {
            "overall": 0.043988704681396484,
            "0_select": 0.010579586029052734,
            "1_unroll": 0.011022806167602539,
            "2_aggregate_override": 0.01217961311340332
        },
        "create_final_relationships": {
            "overall": 0.1460256576538086,
            "0_unpack_graph": 0.012012481689453125,
            "1_filter": 0.02457594871520996,
            "2_rename": 0.011507511138916016,
            "3_filter": 0.025870084762573242,
            "4_drop": 0.012508630752563477,
            "5_compute_edge_combined_degree": 0.012506723403930664,
            "6_convert": 0.025032520294189453,
            "7_convert": 0.011504650115966797
        },
        "join_text_units_to_relationship_ids": {
            "overall": 0.0647284984588623,
            "0_select": 0.012505531311035156,
            "1_unroll": 0.013148784637451172,
            "2_aggregate_override": 0.01454019546508789,
            "3_select": 0.012505054473876953
        },
        "create_final_community_reports": {
            "overall": 5.330994606018066,
            "0_prepare_community_reports_nodes": 0.01314687728881836,
            "1_prepare_community_reports_edges": 0.013549089431762695,
            "2_restore_community_hierarchy": 0.014503717422485352,
            "3_prepare_community_reports": 0.025728702545166016,
            "4_create_community_reports": 5.237059116363525,
            "5_window": 0.014503240585327148
        },
        "create_final_text_units": {
            "overall": 0.10790896415710449,
            "0_select": 0.014505863189697266,
            "1_rename": 0.015517711639404297,
            "2_join": 0.018185138702392578,
            "3_join": 0.01650404930114746,
            "4_aggregate_override": 0.01596999168395996,
            "5_select": 0.01408243179321289
        },
        "create_base_documents": {
            "overall": 0.16315817832946777,
            "0_unroll": 0.016514062881469727,
            "1_select": 0.015503883361816406,
            "2_rename": 0.014646768569946289,
            "3_join": 0.019017457962036133,
            "4_aggregate_override": 0.01630997657775879,
            "5_join": 0.018015384674072266,
            "6_rename": 0.016533374786376953,
            "7_convert": 0.032518863677978516
        },
        "create_final_documents": {
            "overall": 0.03204941749572754,
            "0_rename": 0.01604318618774414
        }
    }
}